,1,2,3,4,5,6,7,8,9,10,11,12,13,14,15,16,17,18,19,20,21,22,23,24
A,,,,,,,,,,,,,,,,,,,,,,,,
B,,circles,class_1,single_cells_demo_001,single_cells_demo_002,single_cells_demo_003,single_cells_demo_004,single_cells_demo_005,single_cells_demo_006,single_cells_demo_007,single_cells_demo_008,single_cells_demo_009,single_cells_demo_010,single_cells_demo_011,single_cells_demo_012,single_cells_demo_013,single_cells_demo_014,single_cells_demo_015,single_cells_demo_016,single_cells_demo_017,single_cells_demo_018,single_cells_demo_019,single_cells_demo_020,
C,,single_cells_demo_021,single_cells_demo_022,single_cells_demo_023,single_cells_demo_024,single_cells_demo_025,single_cells_demo_026,single_cells_demo_027,single_cells_demo_028,single_cells_demo_029,single_cells_demo_030,single_cells_demo_031,single_cells_demo_032,single_cells_demo_033,single_cells_demo_034,single_cells_demo_035,single_cells_demo_036,single_cells_demo_037,single_cells_demo_038,single_cells_demo_039,single_cells_demo_040,single_cells_demo_041,single_cells_demo_042,
D,,single_cells_demo_043,single_cells_demo_044,single_cells_demo_045,single_cells_demo_046,single_cells_demo_047,single_cells_demo_048,single_cells_demo_049,single_cells_demo_050,single_cells_demo_051,single_cells_demo_052,single_cells_demo_053,single_cells_demo_054,single_cells_demo_055,single_cells_demo_056,single_cells_demo_057,single_cells_demo_058,single_cells_demo_059,single_cells_demo_060,single_cells_demo_061,single_cells_demo_062,single_cells_demo_063,single_cells_demo_064,
E,,single_cells_demo_065,single_cells_demo_066,single_cells_demo_067,single_cells_demo_068,single_cells_demo_069,single_cells_demo_070,single_cells_demo_071,single_cells_demo_072,single_cells_demo_073,single_cells_demo_074,single_cells_demo_075,single_cells_demo_076,single_cells_demo_077,single_cells_demo_078,single_cells_demo_079,single_cells_demo_080,single_cells_demo_081,single_cells_demo_082,single_cells_demo_083,single_cells_demo_084,single_cells_demo_085,single_cells_demo_086,
F,,single_cells_demo_087,single_cells_demo_088,single_cells_demo_089,single_cells_demo_090,single_cells_demo_091,single_cells_demo_092,single_cells_demo_093,single_cells_demo_094,single_cells_demo_095,single_cells_demo_096,single_cells_demo_097,single_cells_demo_098,single_cells_demo_099,single_cells_demo_100,single_cells_demo_101,single_cells_demo_102,single_cells_demo_103,single_cells_demo_104,single_cells_demo_105,single_cells_demo_106,single_cells_demo_107,single_cells_demo_108,
G,,single_cells_demo_109,single_cells_demo_110,single_cells_demo_111,single_cells_demo_112,single_cells_demo_113,single_cells_demo_114,single_cells_demo_115,single_cells_demo_116,single_cells_demo_117,single_cells_demo_118,single_cells_demo_119,single_cells_demo_120,single_cells_demo_121,two_circles,,,,,,,,,
H,,,,,,,,,,,,,,,,,,,,,,,,
I,,,,,,,,,,,,,,,,,,,,,,,,
J,,,,,,,,,,,,,,,,,,,,,,,,
K,,,,,,,,,,,,,,,,,,,,,,,,
L,,,,,,,,,,,,,,,,,,,,,,,,
M,,,,,,,,,,,,,,,,,,,,,,,,
N,,,,,,,,,,,,,,,,,,,,,,,,
O,,,,,,,,,,,,,,,,,,,,,,,,
P,,,,,,,,,,,,,,,,,,,,,,,,
