sample,class,replicate,P2_S3 shapes,P2_S3 µm²,P2_S2 shapes,P2_S2 µm²,P2_S1 shapes,P2_S1 µm²,P1_S3 shapes,P1_S3 µm²,P1_S2 shapes,P1_S2 µm²,P1_S1 shapes,P1_S1 µm²,shapes,µm²,asked for (µm²),plate,well
P1_Cancer_r1,P1_Cancer,1,0,0,0,0,0,0,191,49622,184,48730,198,52310,573,150661,150000.0,P1,C3
P1_Cancer_r2,P1_Cancer,2,0,0,0,0,0,0,192,49781,179,48705,199,52191,570,150676,150000.0,P1,C5
P1_Immune_r1,P1_Immune,1,0,0,0,0,0,0,59,17282,59,17340,53,15867,171,50489,50000.0,P1,C7
P1_Immune_r2,P1_Immune,2,0,0,0,0,0,0,56,17249,61,17400,56,15992,173,50641,50000.0,P1,C9
P1_Stroma_r1,P1_Stroma,1,0,0,0,0,0,0,462,119556,452,116477,447,114329,1361,350362,350000.0,P1,C11
P1_Stroma_r2,P1_Stroma,2,0,0,0,0,0,0,480,119526,463,116410,436,114409,1379,350345,350000.0,P1,C13
P2_Cancer_r1,P2_Cancer,1,202,50104,190,48170,189,52075,0,0,0,0,0,0,581,150349,150000.0,P1,C15
P2_Cancer_r2,P2_Cancer,2,200,50107,191,48038,210,52143,0,0,0,0,0,0,601,150288,150000.0,P1,C17
P2_Immune_r1,P2_Immune,1,59,16439,63,17939,54,16040,0,0,0,0,0,0,176,50418,50000.0,P1,C19
P2_Immune_r2,P2_Immune,2,60,16532,64,17965,58,16116,0,0,0,0,0,0,182,50613,50000.0,P1,C21
P2_Stroma_r1,P2_Stroma,1,451,118845,430,112568,459,119146,0,0,0,0,0,0,1340,350559,350000.0,P1,E3
P2_Stroma_r2,P2_Stroma,2,466,118560,429,112727,466,119068,0,0,0,0,0,0,1361,350355,350000.0,P1,E5
